Name,zcr_mean,zcr_std,spectral_centroid,mean_spectral_roll_off,std_spectral_roll_off
country.00000,0.05742311945354274,0.014662946905030876,2545.641185857306,5719.732157389323,1388.2071374355385
