Name,zcr_mean,zcr_std
country.00000,0.05785134397907021,0.024834684166293048
