Name,zcr_mean,zcr_std,spectral_centroid,spectral_roll_off
country.00000,0.05742311945354274,0.014662946905030876,2545.641185857306,2859.8660786946616
